,FILE,ENG,KOR,GENRE,TEMPO,MOOD,INSTRUMENT
0,1. Frolicher Landmann_ 행복한 농부_swing.mp3,Frolicher Landmann,행복한 농부,swing,보통빠르기로,BRIGHT,콘트라베이스(CONTRABASS)+피아노(PIANO)+기타(GUITAR)+드럼(DRUM)
1,2. Frolicher Landmann_ 행복한 농부_ragtime.mp3,Frolicher Landmann,행복한 농부,ragtime,빠르게,ENERGETIC,콘트라베이스(CONTRABASS)+피아노(PIANO)+기타(GUITAR)+드럼(DRUM)
2,3. Frolicher Landmann_ 행복한 농부_bossa nova.mp3,Frolicher Landmann,행복한 농부,bossa nova,보통빠르기로,BRIGHT,콘트라베이스(CONTRABASS)+피아노(PIANO)+기타(GUITAR)+드럼(DRUM)
3,4. Keyboard Concerto No. 5 in F Minor BWV 1056 - Largo_ 키보드 협주곡 제 5번 F단조 BWV 1056. 제2악장 라르고_ballad.mp3,Keyboard Concerto No. 5 in F Minor BWV 1056 - Largo,키보드 협주곡 제 5번 F단조 BWV 1056. 제2악장 라르고,ballad,매우느리게,EMOTIONAL,콘트라베이스(CONTRABASS)+피아노(PIANO)+기타(GUITAR)+드럼(DRUM)
4,5. Keyboard Concerto No. 5 in F Minor BWV 1056 - Largo_ 키보드 협주곡 제 5번 F단조 BWV 1056. 제2악장 라르고_swing.mp3,Keyboard Concerto No. 5 in F Minor BWV 1056 - Largo,키보드 협주곡 제 5번 F단조 BWV 1056. 제2악장 라르고,swing,보통빠르기로,CHIC,콘트라베이스(CONTRABASS)+피아노(PIANO)+기타(GUITAR)+드럼(DRUM)
5,6. Keyboard Concerto No. 5 in F Minor BWV 1056 - Largo_ 키보드 협주곡 제 5번 F단조 BWV 1056. 제2악장 라르고_samba.mp3,Keyboard Concerto No. 5 in F Minor BWV 1056 - Largo,키보드 협주곡 제 5번 F단조 BWV 1056. 제2악장 라르고,samba,조금빠르게,CHIC,콘트라베이스(CONTRABASS)+피아노(PIANO)+기타(GUITAR)+드럼(DRUM)
6,"7. Prelude, op.28-15(Rain Drop)_ 쇼팽 _ 전주곡 15번 내림 라장조 작품번호 28-15 '빗방울'_waltz.mp3","Prelude, op.28-15(Rain Drop)",쇼팽 _ 전주곡 15번 내림 라장조 작품번호 28-15 '빗방울',waltz,보통빠르기로,BRIGHT,콘트라베이스(CONTRABASS)+피아노(PIANO)+드럼(DRUM)
7,"8. Prelude, op.28-15(Rain Drop)_ 쇼팽 _ 전주곡 15번 내림 라장조 작품번호 28-15 '빗방울'_medium swing.mp3","Prelude, op.28-15(Rain Drop)",쇼팽 _ 전주곡 15번 내림 라장조 작품번호 28-15 '빗방울',medium swing,보통빠르기로,FRESH,콘트라베이스(CONTRABASS)+피아노(PIANO)+드럼(DRUM)
8,"9. Prelude, op.28-15(Rain Drop)_ 쇼팽 _ 전주곡 15번 내림 라장조 작품번호 28-15 '빗방울'_ballad.mp3","Prelude, op.28-15(Rain Drop)",쇼팽 _ 전주곡 15번 내림 라장조 작품번호 28-15 '빗방울',ballad,느리게,CHIC,콘트라베이스(CONTRABASS)+피아노(PIANO)+드럼(DRUM)
9,10. The Swan(Le Cygne)_ 백조_slow swing.mp3,The Swan(Le Cygne),백조,slow swing,보통빠르기로,BRIGHT,콘트라베이스(CONTRABASS)+피아노(PIANO)+드럼(DRUM)
10,11. The Swan(Le Cygne)_ 백조_fast swing.mp3,The Swan(Le Cygne),백조,fast swing,빠르게,ENERGETIC,콘트라베이스(CONTRABASS)+피아노(PIANO)+드럼(DRUM)
11,12. The Swan(Le Cygne)_ 백조_ballad.mp3,The Swan(Le Cygne),백조,ballad,느리게,MYSTERY,콘트라베이스(CONTRABASS)+피아노(PIANO)+드럼(DRUM)
12,13. Sarabande_ 사라방드_medium swing.mp3,Sarabande,사라방드,medium swing,보통빠르기로,BRIGHT,콘트라베이스(CONTRABASS)+피아노(PIANO)+기타(GUITAR)+드럼(DRUM)
13,14. Sarabande_ 사라방드_bossa nova.mp3,Sarabande,사라방드,bossa nova,보통빠르기로,SAD,콘트라베이스(CONTRABASS)+피아노(PIANO)+기타(GUITAR)+드럼(DRUM)
14,15. Sarabande_ 사라방드_easy listening.mp3,Sarabande,사라방드,easy listening,느리게,MYSTERY,콘트라베이스(CONTRABASS)+피아노(PIANO)+기타(GUITAR)+드럼(DRUM)
15,16. Nocturne Op.9-2_ 녹턴 작품번호 9-2_waltz.mp3,Nocturne Op.9-2,녹턴 작품번호 9-2,waltz,보통빠르기로,MYSTERY,콘트라베이스(CONTRABASS)+피아노(PIANO)+기타(GUITAR)+드럼(DRUM)
16,17. Nocturne Op.9-2_ 녹턴 작품번호 9-2_funk.mp3,Nocturne Op.9-2,녹턴 작품번호 9-2,funk,느리게,WHITE,콘트라베이스(CONTRABASS)+피아노(PIANO)+기타(GUITAR)+드럼(DRUM)
17,18. Nocturne Op.9-2_ 녹턴 작품번호 9-2_smooth jazz.mp3,Nocturne Op.9-2,녹턴 작품번호 9-2,smooth jazz,보통빠르기로,WHITE,콘트라베이스(CONTRABASS)+피아노(PIANO)+기타(GUITAR)+드럼(DRUM)
18,19. Serenade_ 세레나데_waltz.mp3,Serenade,세레나데,waltz,보통빠르기로,BRIGHT,콘트라베이스(CONTRABASS)+피아노(PIANO)+드럼(DRUM)
19,20. Serenade_ 세레나데_jazz piano.mp3,Serenade,세레나데,jazz piano,루바토,POWERFUL,피아노(PIANO)
20,21. Serenade_ 세레나데_bossa nova.mp3,Serenade,세레나데,bossa nova,보통빠르기로,MYSTERY,콘트라베이스(CONTRABASS)+피아노(PIANO)+드럼(DRUM)
21,22. Minuet In G Major BWV Anh. II 114_ 미뉴에트 사장조  BWV Anh. II 114_waltz.mp3,Minuet In G Major BWV Anh. II 114,미뉴에트 사장조  BWV Anh. II 114,waltz,보통빠르기로,WHITE,콘트라베이스(CONTRABASS)+피아노(PIANO)+드럼(DRUM)
22,23. Minuet In G Major BWV Anh. II 114_ 미뉴에트 사장조  BWV Anh. II 114_fast swing.mp3,Minuet In G Major BWV Anh. II 114,미뉴에트 사장조  BWV Anh. II 114,fast swing,빠르게,ENERGETIC,콘트라베이스(CONTRABASS)+피아노(PIANO)+드럼(DRUM)
23,24. Minuet In G Major BWV Anh. II 114_ 미뉴에트 사장조  BWV Anh. II 114_funk.mp3,Minuet In G Major BWV Anh. II 114,미뉴에트 사장조  BWV Anh. II 114,funk,조금빠르게,POWERFUL,콘트라베이스(CONTRABASS)+피아노(PIANO)+드럼(DRUM)
24,25. Kinderszenen Op.15 - VII. Traumerei_ 어린이의 정경 중 꿈 작품번호 15_swing.mp3,Kinderszenen Op.15 - VII. Traumerei,어린이의 정경 중 꿈 작품번호 15,swing,보통빠르기로,BRIGHT,콘트라베이스(CONTRABASS)+피아노(PIANO)+드럼(DRUM)
25,26. Kinderszenen Op.15 - VII. Traumerei_ 어린이의 정경 중 꿈 작품번호 15_bossa nova.mp3,Kinderszenen Op.15 - VII. Traumerei,어린이의 정경 중 꿈 작품번호 15,bossa nova,보통빠르기로,WHITE,콘트라베이스(CONTRABASS)+피아노(PIANO)+드럼(DRUM)
26,27. Kinderszenen Op.15 - VII. Traumerei_ 어린이의 정경 중 꿈 작품번호 15_ballad.mp3,Kinderszenen Op.15 - VII. Traumerei,어린이의 정경 중 꿈 작품번호 15,ballad,매우느리게,EMOTIONAL,콘트라베이스(CONTRABASS)+피아노(PIANO)+드럼(DRUM)
27,28. Salut D'amour In E Major Op.12_ 사랑의 인사 마장조 작품번호 12_latin.mp3,Salut D'amour In E Major Op.12,사랑의 인사 마장조 작품번호 12,latin,보통빠르기로,ENERGETIC,콘트라베이스(CONTRABASS)+피아노(PIANO)+드럼(DRUM)
28,29. Salut D'amour In E Major Op.12_ 사랑의 인사 마장조 작품번호 12_uptempo swing.mp3,Salut D'amour In E Major Op.12,사랑의 인사 마장조 작품번호 12,uptempo swing,매우빠르게,POWERFUL,콘트라베이스(CONTRABASS)+피아노(PIANO)+드럼(DRUM)
29,30. Salut D'amour In E Major Op.12_ 사랑의 인사 마장조 작품번호 12_swing.mp3,Salut D'amour In E Major Op.12,사랑의 인사 마장조 작품번호 12,swing,보통빠르기로,BRIGHT,콘트라베이스(CONTRABASS)+피아노(PIANO)+드럼(DRUM)
30,31. Songs my mother taught me op.55-4_ 어머니가 가르쳐 주신 노래 작품노래 55-4_ballad.mp3,Songs my mother taught me op.55-4,어머니가 가르쳐 주신 노래 작품노래 55-4,ballad,느리게,SAD,콘트라베이스(CONTRABASS)+피아노(PIANO)+기타(GUITAR)+드럼(DRUM)
31,32. Songs my mother taught me op.55-4_ 어머니가 가르쳐 주신 노래 작품노래 55-4_swing.mp3,Songs my mother taught me op.55-4,어머니가 가르쳐 주신 노래 작품노래 55-4,swing,보통빠르기로,CHIC,콘트라베이스(CONTRABASS)+피아노(PIANO)+기타(GUITAR)+드럼(DRUM)
32,33. Songs my mother taught me op.55-4_ 어머니가 가르쳐 주신 노래 작품노래 55-4_bossa nova.mp3,Songs my mother taught me op.55-4,어머니가 가르쳐 주신 노래 작품노래 55-4,bossa nova,보통빠르기로,CHIC,콘트라베이스(CONTRABASS)+피아노(PIANO)+기타(GUITAR)+드럼(DRUM)
33,34. Ave Maria_ 아베 마리아_ballad.mp3,Ave Maria,아베 마리아,ballad,느리게,WHITE,콘트라베이스(CONTRABASS)+피아노(PIANO)+기타(GUITAR)+드럼(DRUM)
34,35. Ave Maria_ 아베 마리아_swing.mp3,Ave Maria,아베 마리아,swing,보통빠르기로,MYSTERY,콘트라베이스(CONTRABASS)+피아노(PIANO)+기타(GUITAR)+드럼(DRUM)
35,36. Ave Maria_ 아베 마리아_bossa nova.mp3,Ave Maria,아베 마리아,bossa nova,보통빠르기로,EMOTIONAL,콘트라베이스(CONTRABASS)+피아노(PIANO)+기타(GUITAR)+드럼(DRUM)
36,37. Jaqueline Du Pre - Jacqueline's Tears_ 자클린의 눈물_ballad.mp3,Jaqueline Du Pre - Jacqueline's Tears,자클린의 눈물,ballad,느리게,EMOTIONAL,콘트라베이스(CONTRABASS)+피아노(PIANO)+기타(GUITAR)+드럼(DRUM)
37,38. Jaqueline Du Pre - Jacqueline's Tears_ 자클린의 눈물_swing.mp3,Jaqueline Du Pre - Jacqueline's Tears,자클린의 눈물,swing,보통빠르기로,WHITE,콘트라베이스(CONTRABASS)+피아노(PIANO)+기타(GUITAR)+드럼(DRUM)
38,39. Jaqueline Du Pre - Jacqueline's Tears_ 자클린의 눈물_bossa nova.mp3,Jaqueline Du Pre - Jacqueline's Tears,자클린의 눈물,bossa nova,느리게,SAD,콘트라베이스(CONTRABASS)+피아노(PIANO)+기타(GUITAR)+드럼(DRUM)
39,40. Auf Flugeln Des Gesanges  Op.34-2_ 노래의 날개 위에 작품번호 34-2_ballad.mp3,Auf Flugeln Des Gesanges  Op.34-2,노래의 날개 위에 작품번호 34-2,ballad,느리게,MYSTERY,콘트라베이스(CONTRABASS)+피아노(PIANO)+기타(GUITAR)+드럼(DRUM)
40,41. Auf Flugeln Des Gesanges  Op.34-2_ 노래의 날개 위에 작품번호 34-2_swing.mp3,Auf Flugeln Des Gesanges  Op.34-2,노래의 날개 위에 작품번호 34-2,swing,보통빠르기로,SAD,콘트라베이스(CONTRABASS)+피아노(PIANO)+기타(GUITAR)+드럼(DRUM)
41,42. Auf Flugeln Des Gesanges  Op.34-2_ 노래의 날개 위에 작품번호 34-2_bossa nova.mp3,Auf Flugeln Des Gesanges  Op.34-2,노래의 날개 위에 작품번호 34-2,bossa nova,보통빠르기로,SAD,콘트라베이스(CONTRABASS)+피아노(PIANO)+기타(GUITAR)+드럼(DRUM)
42,43. Gymnopedie No.1 - Lent Et Douloureux_ 느리고 고통스럽게_waltz.mp3,Gymnopedie No.1 - Lent Et Douloureux,느리고 고통스럽게,waltz,느리게,EMOTIONAL,콘트라베이스(CONTRABASS)+피아노(PIANO)+기타(GUITAR)+드럼(DRUM)
43,44. Gymnopedie No.1 - Lent Et Douloureux_ 느리고 고통스럽게_pop.mp3,Gymnopedie No.1 - Lent Et Douloureux,느리고 고통스럽게,pop,보통빠르기로,CHIC,콘트라베이스(CONTRABASS)+피아노(PIANO)+기타(GUITAR)+드럼(DRUM)
44,45. Gymnopedie No.1 - Lent Et Douloureux_ 느리고 고통스럽게_jazz piano.mp3,Gymnopedie No.1 - Lent Et Douloureux,느리고 고통스럽게,jazz piano,루바토,CHIC,피아노(PIANO)
45,46. Solveing's song_ 솔베이그의 노래_swing.mp3,Solveing's song,솔베이그의 노래,swing,보통빠르기로,SAD,콘트라베이스(CONTRABASS)+피아노(PIANO)+드럼(DRUM)
46,47. Solveing's song_ 솔베이그의 노래_ballad.mp3,Solveing's song,솔베이그의 노래,ballad,매우느리게,SAD,콘트라베이스(CONTRABASS)+피아노(PIANO)+드럼(DRUM)
47,48. Solveing's song_ 솔베이그의 노래_bossa nova.mp3,Solveing's song,솔베이그의 노래,bossa nova,보통빠르기로,SAD,콘트라베이스(CONTRABASS)+피아노(PIANO)+드럼(DRUM)
48,49. Liebestraum - Love Dream_ 사랑의 꿈_ballad.mp3,Liebestraum - Love Dream,사랑의 꿈,ballad,매우느리게,EMOTIONAL,콘트라베이스(CONTRABASS)+피아노(PIANO)+드럼(DRUM)
49,50. Liebestraum - Love Dream_ 사랑의 꿈_swing.mp3,Liebestraum - Love Dream,사랑의 꿈,swing,보통빠르기로,WHITE,콘트라베이스(CONTRABASS)+피아노(PIANO)+드럼(DRUM)
50,51. Liebestraum - Love Dream_ 사랑의 꿈_easy listening.mp3,Liebestraum - Love Dream,사랑의 꿈,easy listening,보통빠르기로,MYSTERY,콘트라베이스(CONTRABASS)+피아노(PIANO)+드럼(DRUM)
51,52. Etude No.3 In E Major Op.10-3 'Tristesse'_ 에튀드 제 3번 마장조 작품번호 10-3 '내 맘속을 울리는 그대'_swing.mp3,Etude No.3 In E Major Op.10-3 'Tristesse',에튀드 제 3번 마장조 작품번호 10-3 '내 맘속을 울리는 그대',swing,조금빠르게,ENERGETIC,콘트라베이스(CONTRABASS)+피아노(PIANO)+드럼(DRUM)
52,53. Etude No.3 In E Major Op.10-3 'Tristesse'_ 에튀드 제 3번 마장조 작품번호 10-3 '내 맘속을 울리는 그대'_bossa nova.mp3,Etude No.3 In E Major Op.10-3 'Tristesse',에튀드 제 3번 마장조 작품번호 10-3 '내 맘속을 울리는 그대',bossa nova,느리게,CHIC,콘트라베이스(CONTRABASS)+피아노(PIANO)+드럼(DRUM)
53,54. Etude No.3 In E Major Op.10-3 'Tristesse'_ 에튀드 제 3번 마장조 작품번호 10-3 '내 맘속을 울리는 그대'_swing.mp3,Etude No.3 In E Major Op.10-3 'Tristesse',에튀드 제 3번 마장조 작품번호 10-3 '내 맘속을 울리는 그대',swing,보통빠르기로,WHITE,콘트라베이스(CONTRABASS)+피아노(PIANO)+드럼(DRUM)
54,55. Je Te Veux_ 난 그대를 원해요_ballad.mp3,Je Te Veux,난 그대를 원해요,ballad,매우느리게,EMOTIONAL,콘트라베이스(CONTRABASS)+피아노(PIANO)+드럼(DRUM)
55,56. Je Te Veux_ 난 그대를 원해요_swing.mp3,Je Te Veux,난 그대를 원해요,swing,보통빠르기로,ENERGETIC,콘트라베이스(CONTRABASS)+피아노(PIANO)+드럼(DRUM)
56,57. Je Te Veux_ 난 그대를 원해요_waltz.mp3,Je Te Veux,난 그대를 원해요,waltz,느리게,EMOTIONAL,콘트라베이스(CONTRABASS)+피아노(PIANO)+드럼(DRUM)
57,58. Una Furtiva Lagrima Da L'Elisir d'Amore_ 남 몰래 흐르는 눈물_bossa nova.mp3,Una Furtiva Lagrima Da L'Elisir d'Amore,남 몰래 흐르는 눈물,bossa nova,느리게,SAD,콘트라베이스(CONTRABASS)+피아노(PIANO)+기타(GUITAR)+드럼(DRUM)
58,59. Una Furtiva Lagrima Da L'Elisir d'Amore_ 남 몰래 흐르는 눈물_swing.mp3,Una Furtiva Lagrima Da L'Elisir d'Amore,남 몰래 흐르는 눈물,swing,보통빠르기로,CHIC,콘트라베이스(CONTRABASS)+피아노(PIANO)+기타(GUITAR)+드럼(DRUM)
59,60. Una Furtiva Lagrima Da L'Elisir d'Amore_ 남 몰래 흐르는 눈물_ballad.mp3,Una Furtiva Lagrima Da L'Elisir d'Amore,남 몰래 흐르는 눈물,ballad,매우느리게,SAD,콘트라베이스(CONTRABASS)+피아노(PIANO)+드럼(DRUM)
60,61. blumenlied (Flower Song)_ 꽃노래_swing.mp3,blumenlied (Flower Song),꽃노래,swing,보통빠르기로,BRIGHT,콘트라베이스(CONTRABASS)+피아노(PIANO)+드럼(DRUM)
61,62. blumenlied (Flower Song)_ 꽃노래_uptempo swing.mp3,blumenlied (Flower Song),꽃노래,uptempo swing,매우빠르게,POWERFUL,콘트라베이스(CONTRABASS)+피아노(PIANO)+드럼(DRUM)
62,63. blumenlied (Flower Song)_ 꽃노래_waltz.mp3,blumenlied (Flower Song),꽃노래,waltz,느리게,WHITE,콘트라베이스(CONTRABASS)+피아노(PIANO)+드럼(DRUM)
63,64. Donau  wellen  walzer _ 다뉴브 강의 잔물결_easy listening.mp3,Donau  wellen  walzer,다뉴브 강의 잔물결,easy listening,느리게,MYSTERY,콘트라베이스(CONTRABASS)+피아노(PIANO)+드럼(DRUM)
64,65. Donau  wellen  walzer _ 다뉴브 강의 잔물결_ballad.mp3,Donau  wellen  walzer,다뉴브 강의 잔물결,ballad,매우느리게,SENTIMENTAL,콘트라베이스(CONTRABASS)+피아노(PIANO)+드럼(DRUM)
65,66. Donau  wellen  walzer _ 다뉴브 강의 잔물결_swing.mp3,Donau  wellen  walzer,다뉴브 강의 잔물결,swing,보통빠르기로,POWERFUL,콘트라베이스(CONTRABASS)+피아노(PIANO)+드럼(DRUM)
66,67. The  seasons  June_ 사계' 중 '6월'_ballad.mp3,The  seasons  June,사계' 중 '6월',ballad,매우느리게,MYSTERY,콘트라베이스(CONTRABASS)+피아노(PIANO)+드럼(DRUM)
67,68. The  seasons  June_ 사계' 중 '6월'_swing.mp3,The  seasons  June,사계' 중 '6월',swing,조금빠르게,MYSTERY,콘트라베이스(CONTRABASS)+피아노(PIANO)+드럼(DRUM)
68,69. The  seasons  June_ 사계' 중 '6월'_bossa nova.mp3,The  seasons  June,사계' 중 '6월',bossa nova,보통빠르기로,MYSTERY,콘트라베이스(CONTRABASS)+피아노(PIANO)+드럼(DRUM)
69,70.  Consolation_ 위안_ballad.mp3,Consolation,위안,ballad,느리게,EMOTIONAL,콘트라베이스(CONTRABASS)+피아노(PIANO)+드럼(DRUM)
70,71.  Consolation_ 위안_uptempo swing.mp3,Consolation,위안,uptempo swing,매우빠르게,POWERFUL,콘트라베이스(CONTRABASS)+피아노(PIANO)+드럼(DRUM)
71,72.  Consolation_ 위안_bossa nova.mp3,Consolation,위안,bossa nova,보통빠르기로,MYSTERY,콘트라베이스(CONTRABASS)+피아노(PIANO)+드럼(DRUM)
72,73. Wedding March_ 결혼행진곡_국악.mp3,Wedding March,결혼행진곡,국악,보통빠르기로,ENERGETIC,피아노(PIANO)+대금(DAEGEUM)+스트링앙상블(STRING ENSEMBLE)
73,74. Blumenlied (Flower Song)_ 꽃노래_국악.mp3,Blumenlied (Flower Song),꽃노래,국악,보통빠르기로,BRIGHT,피아노(PIANO)+대금(DAEGEUM)
74,75. Nocturne Op.9-2_ 녹턴 작품번호 9-2_국악.mp3,Nocturne Op.9-2,녹턴 작품번호 9-2,국악,보통빠르기로,BRIGHT,피아노(PIANO)+대금(DAEGEUM)
75,76. Sarabande_ 사라방드_국악.mp3,Sarabande,사라방드,국악,조금느리게,SAD,장구(JANGGU)+해금(HAEGEUM)+피아노(PIANO)+대금(DAEGEUM)
76,77. Symphony No.94 'The Surprise'_ 놀람교향곡_국악.mp3,Symphony No.94 'The Surprise',놀람교향곡,국악,조금빠르게,ENERGETIC,팀파니(TIMPANI)+피아노(PIANO)+대금(DAEGEUM)+양금(YANGGEUM)
77,78. Salut d'amour_ 사랑의 인사_국악.mp3,Salut d'amour,사랑의 인사,국악,보통빠르기로,BRIGHT,첼로(CELLO)+피아노(PIANO)+대금(DAEGEUM)+양금(YANGGEUM)
78,79. Solveig's Song_ 솔베이지의 노래_국악.mp3,Solveig's Song,솔베이지의 노래,국악,보통빠르기로,SAD,피아노(PIANO)+대금(DAEGEUM)+스트링앙상블(STRING ENSEMBLE)
79,80. waltz no.2 _ 왈츠 작품번호 2번_국악.mp3,waltz no.2,왈츠 작품번호 2번,국악,조금빠르게,CHIC,해금(HAEGEUM)+피아노(PIANO)+첼로(CELLO)
80,81. L'Arlesienne-Suite_ 아를르의 여인_국악.mp3,L'Arlesienne-Suite,아를르의 여인,국악,보통빠르기로,BRIGHT,패드(PAD)+피아노(PIANO)+대금(DAEGEUM)+양금(YANGGEUM)
81,82. Varations in C major KV.265_ 작은별 변주곡_국악.mp3,Varations in C major KV.265,작은별 변주곡,국악,보통빠르기로,BRIGHT,해금(HAEGEUM)+피아노(PIANO)+대금(DAEGEUM)
82,83. Moonlight_ 월광_국악.mp3,Moonlight,월광,국악,조금느리게,SAD,피아노(PIANO)+대금(DAEGEUM)
83,84. Gymnopedies_ 짐노페디_국악.mp3,Gymnopedies,짐노페디,국악,보통빠르기로,BRIGHT,피아노(PIANO)+대금(DAEGEUM)
84,85. Turkish March_ 터키행진곡_국악.mp3,Turkish March,터키행진곡,국악,빠르게,ENERGETIC,피아노(PIANO)+대금(DAEGEUM)+첼로(CELLO)
85,86. Traumerei_ 트로이메라이_국악.mp3,Traumerei,트로이메라이,국악,조금느리게,WHITE,피아노(PIANO)+대금(DAEGEUM)+스트링앙상블(STRING ENSEMBLE)
86,87. Ich Liebe Dich _ 그대를 사랑해_국악.mp3,Ich Liebe Dich,그대를 사랑해,국악,보통빠르기로,EMOTIONAL,해금(HAEGEUM)+피아노(PIANO)+첼로(CELLO)
87,88. Lullaby_ 자장가_국악.mp3,Lullaby,자장가,국악,조금느리게,EMOTIONAL,해금(HAEGEUM)+피아노(PIANO)+스트링앙상블(STRING ENSEMBLE)
88,89. Canon_ 캐논변주곡_국악.mp3,Canon,캐논변주곡,국악,보통빠르기로,BRIGHT,피아노(PIANO)+대금(DAEGEUM)+스트링앙상블(STRING ENSEMBLE)
89,90. Gavotte_ 가보트_국악.mp3,Gavotte,가보트,국악,보통빠르기로,ENERGETIC,피아노(PIANO)+대금(DAEGEUM)+양금(YANGGEUM)
90,91. Fur Elise_ 엘리제를 위하여_국악.mp3,Fur Elise,엘리제를 위하여,국악,보통빠르기로,WHITE,피아노(PIANO)+대금(DAEGEUM)+첼로(CELLO)
91,"92. Minuet in G major, BWV Anh. 114_ 미뉴에트_국악.mp3","Minuet in G major, BWV Anh. 114",미뉴에트,국악,보통빠르기로,EMOTIONAL,피아노(PIANO)+양금(YANGGEUM)
92,93. Symphony No.25 in Gminor K183_ 교향곡 제 25번 G단조 K183_string.mp3,Symphony No.25 in Gminor K183,교향곡 제 25번 G단조 K183,string,조금빠르게,POWERFUL,오케스트라(ORCHESTRA)
93,94. Carmen Prelude_ 카르멘 서곡_string.mp3,Carmen Prelude,카르멘 서곡,string,빠르게,MAGNIFICIENT,오케스트라(ORCHESTRA)
94,"95. Orchestral Suite NO. 1 in C major, BWV 1066 Overture_ 바흐 관현악 모음곡 제 1번 C장조 BWV 1066_string.mp3","Orchestral Suite NO. 1 in C major, BWV 1066 Overture",바흐 관현악 모음곡 제 1번 C장조 BWV 1066,string,보통빠르기로,BRIGHT,오케스트라(ORCHESTRA)
95,"96. Invention No.4 in D minor, BWV 775_ 인벤션 4번 라단조_string.mp3","Invention No.4 in D minor, BWV 775",인벤션 4번 라단조,string,보통빠르기로,SAD,관악기(BRASS&WOODWIND)+스트링(STRING)
96,"97. Symphony No. 5 in Cminor, Op.67_ 교향곡 제5번 다단조 [운명] OP.67_string.mp3","Symphony No. 5 in Cminor, Op.67",교향곡 제5번 다단조 [운명] OP.67,string,빠르게,DARK,오케스트라(ORCHESTRA)
97,98. Piano Sonata No.1 C Major K279_ 피아노 소나타 1번 다장조 K279_string.mp3,Piano Sonata No.1 C Major K279,피아노 소나타 1번 다장조 K279,string,조금빠르게,BRIGHT,관악기(BRASS&WOODWIND)+스트링(STRING)
98,99. Piano Sonata No.5 G Major K283_ 피아노 소나타 제5번 사장조 K283_string.mp3,Piano Sonata No.5 G Major K283,피아노 소나타 제5번 사장조 K283,string,보통빠르기로,DRAMA,관악기(BRASS&WOODWIND)+스트링(STRING)
99,100. Piano Concerto No.21 in C Major K467_ 피아노 협주곡 제 21번 다장조 K467_string.mp3,Piano Concerto No.21 in C Major K467,피아노 협주곡 제 21번 다장조 K467,string,조금빠르게,POWERFUL,오케스트라(ORCHESTRA)
100,101. Serenade No.13 in G Major K525 'Eine Kleins Nachtmusik'_ 세레나데 제 13번 사장조 '아이네 클라이네 나흐트 무지크'_string.mp3,Serenade No.13 in G Major K525 'Eine Kleins Nachtmusik',세레나데 제 13번 사장조 '아이네 클라이네 나흐트 무지크',string,빠르게,BRIGHT,오케스트라(ORCHESTRA)
101,102. Symphony No. 8 in B minor. D759 'Unfinished'_ 교향곡 8번 나단조 D759 '미완성'_string.mp3,Symphony No. 8 in B minor. D759 'Unfinished',교향곡 8번 나단조 D759 '미완성',string,빠르게,DARK,오케스트라(ORCHESTRA)
